symbol,status,signals,period
LTC/USDT:USDT,SUCCESS,0,2026-02-28 to 2026-03-30
TRX/USDT:USDT,SUCCESS,0,2026-02-28 to 2026-03-30
ETC/USDT:USDT,SUCCESS,0,2026-02-28 to 2026-03-30
XLM/USDT:USDT,SUCCESS,0,2026-02-28 to 2026-03-30
XMR/USDT:USDT,SUCCESS,0,2026-02-28 to 2026-03-30
DASH/USDT:USDT,SUCCESS,0,2026-02-28 to 2026-03-30
XTZ/USDT:USDT,SUCCESS,0,2026-02-28 to 2026-03-30
ATOM/USDT:USDT,SUCCESS,0,2026-02-28 to 2026-03-30
IOTA/USDT:USDT,SUCCESS,0,2026-02-28 to 2026-03-30
BAT/USDT:USDT,SUCCESS,0,2026-02-28 to 2026-03-30
VET/USDT:USDT,SUCCESS,0,2026-02-28 to 2026-03-30
NEO/USDT:USDT,SUCCESS,0,2026-02-28 to 2026-03-30
QTUM/USDT:USDT,SUCCESS,0,2026-02-28 to 2026-03-30
IOST/USDT:USDT,SUCCESS,0,2026-02-28 to 2026-03-30
THETA/USDT:USDT,SUCCESS,0,2026-02-28 to 2026-03-30
ALGO/USDT:USDT,SUCCESS,0,2026-02-28 to 2026-03-30
ZIL/USDT:USDT,SUCCESS,0,2026-02-28 to 2026-03-30
KNC/USDT:USDT,SUCCESS,0,2026-02-28 to 2026-03-30
ZRX/USDT:USDT,SUCCESS,0,2026-02-28 to 2026-03-30
COMP/USDT:USDT,SUCCESS,0,2026-02-28 to 2026-03-30
OMG/USDT:USDT,SUCCESS,0,2026-02-28 to 2026-03-30
KAVA/USDT:USDT,SUCCESS,0,2026-02-28 to 2026-03-30
BAND/USDT:USDT,SUCCESS,0,2026-02-28 to 2026-03-30
RLC/USDT:USDT,SUCCESS,0,2026-02-28 to 2026-03-30
WAVES/USDT:USDT,SUCCESS,0,2026-02-28 to 2026-03-30
MKR/USDT:USDT,SUCCESS,0,2026-02-28 to 2026-03-30
SNX/USDT:USDT,SUCCESS,0,2026-02-28 to 2026-03-30
DEFI/USDT:USDT,SUCCESS,0,2026-02-28 to 2026-03-30
YFI/USDT:USDT,SUCCESS,0,2026-02-28 to 2026-03-30
BAL/USDT:USDT,SUCCESS,0,2026-02-28 to 2026-03-30
CRV/USDT:USDT,SUCCESS,0,2026-02-28 to 2026-03-30
TRB/USDT:USDT,SUCCESS,0,2026-02-28 to 2026-03-30
RUNE/USDT:USDT,SUCCESS,0,2026-02-28 to 2026-03-30
SUSHI/USDT:USDT,SUCCESS,0,2026-02-28 to 2026-03-30
EGLD/USDT:USDT,SUCCESS,0,2026-02-28 to 2026-03-30
ICX/USDT:USDT,SUCCESS,0,2026-02-28 to 2026-03-30
STORJ/USDT:USDT,SUCCESS,0,2026-02-28 to 2026-03-30
BLZ/USDT:USDT,SUCCESS,0,2026-02-28 to 2026-03-30
UNI/USDT:USDT,SUCCESS,0,2026-02-28 to 2026-03-30
FTM/USDT:USDT,SUCCESS,0,2026-02-28 to 2026-03-30
ENJ/USDT:USDT,SUCCESS,0,2026-02-28 to 2026-03-30
FLM/USDT:USDT,SUCCESS,0,2026-02-28 to 2026-03-30
REN/USDT:USDT,SUCCESS,0,2026-02-28 to 2026-03-30
KSM/USDT:USDT,SUCCESS,0,2026-02-28 to 2026-03-30
AAVE/USDT:USDT,SUCCESS,0,2026-02-28 to 2026-03-30
RSR/USDT:USDT,SUCCESS,0,2026-02-28 to 2026-03-30
LRC/USDT:USDT,SUCCESS,0,2026-02-28 to 2026-03-30
OCEAN/USDT:USDT,SUCCESS,0,2026-02-28 to 2026-03-30
BEL/USDT:USDT,SUCCESS,0,2026-02-28 to 2026-03-30
AXS/USDT:USDT,SUCCESS,0,2026-02-28 to 2026-03-30
